scenario,window_s,gaussian_bp,student_bp,engine_bp,ci_bp
spec,5,126.593256,126.593341,126.593205,0.000172
spec,10,126.593913,126.594253,126.593845,0.000198
spec,20,126.595227,126.596576,126.595121,0.000249
spec,30,126.596542,126.599554,126.596405,0.000301
spec,45,126.598513,126.605215,126.598297,0.000385
spec,60,126.600485,126.612266,126.600239,0.000480
spec,90,126.604428,126.630355,126.604145,0.000694
spec,120,126.608372,126.653462,126.608060,0.000942
spec,180,126.616326,126.713402,126.615792,0.001589
spec,240,126.625411,126.789636,126.623247,0.002288
spec,300,126.639542,126.880012,126.647678,0.032846
gas_div10,5,12.541420,12.587600,12.540957,0.002853
gas_div10,10,12.671141,12.708151,12.668924,0.012767
gas_div10,20,13.041156,12.978995,13.036011,0.027544
gas_div10,30,13.378470,13.235222,13.367830,0.043390
gas_div10,45,13.801398,13.575492,13.783056,0.059364
gas_div10,60,14.154335,13.871723,14.119860,0.080602
gas_div10,90,14.732829,14.372572,14.718544,0.115446
gas_div10,120,15.208156,14.792453,15.181793,0.152876
gas_div10,180,15.986247,15.487483,15.909353,0.212754
gas_div10,240,16.628905,16.064599,16.504294,0.266384
gas_div10,300,17.188169,16.567538,17.015017,0.311087
